/*!40101 SET @OLD_CHARACTER_SET_CLIENT=@@CHARACTER_SET_CLIENT */;
/*!40101 SET NAMES utf8 */;
/*!50503 SET NAMES utf8mb4 */;
/*!40014 SET @OLD_FOREIGN_KEY_CHECKS=@@FOREIGN_KEY_CHECKS, FOREIGN_KEY_CHECKS=0 */;
/*!40101 SET @OLD_SQL_MODE=@@SQL_MODE, SQL_MODE='NO_AUTO_VALUE_ON_ZERO' */;

-- Volcando estructura para tabla devmm.developer
CREATE TABLE IF NOT EXISTS `developer` (
  `id` int(11) NOT NULL AUTO_INCREMENT,
  `name` varchar(100) COLLATE utf8mb4_spanish_ci NOT NULL,
  PRIMARY KEY (`id`)
) ENGINE=MyISAM AUTO_INCREMENT=77 DEFAULT CHARSET=utf8mb4 COLLATE=utf8mb4_spanish_ci;

-- Volcando datos para la tabla devmm.developer: 76 rows
/*!40000 ALTER TABLE `developer` DISABLE KEYS */;
INSERT INTO `developer` (`id`, `name`) VALUES
	(1, 'CD Projekt RED'),
	(2, 'Ubisoft'),
	(3, '343 Industries'),
	(4, 'Triumph Studios'),
	(5, 'Sucker Punch'),
	(6, 'Naughty Dog'),
	(7, 'Asobo Studio'),
	(8, 'Dotemu, Guard Crush Games, Lizardcube'),
	(9, 'Square Enix'),
	(10, 'Capcom'),
	(11, 'Sega'),
	(12, 'Valve'),
	(13, 'Atlus'),
	(14, 'Nintendo'),
	(15, 'id Software'),
	(16, 'Team Ninja'),
	(17, 'Moon Studios'),
	(18, 'Kojima Productions'),
	(19, 'Next Level Games'),
	(20, 'Infinity Ward'),
	(21, 'Obsidian Entertainment'),
	(22, 'ZA/UM'),
	(23, 'Pixel Opus'),
	(24, 'Electronic Arts'),
	(25, 'House House'),
	(26, 'Simogo'),
	(27, 'Gearbox Software'),
	(28, 'The Coalition'),
	(29, 'PlatinumGames'),
	(30, 'Remedy Entertainment'),
	(31, 'Intelligent Systems'),
	(32, 'Jo-Mei Games'),
	(33, 'Codemasters'),
	(34, 'Mobius Digital'),
	(35, 'Creative Assembly'),
	(36, 'NetherRealm Studios'),
	(37, 'Askiisoft'),
	(38, 'Limbic Entertainment'),
	(39, 'Good-Feel'),
	(40, 'From Software'),
	(41, 'Hempuli Oy'),
	(42, 'Massive Entertainment'),
	(43, 'Spike Chunsoft'),
	(44, '4A Games'),
	(45, 'Respawn Entertainment'),
	(46, 'Chucklefish'),
	(47, 'Beenox'),
	(48, 'Brace Yourself Games'),
	(49, 'Nomada Studio'),
	(50, 'Digixart Entertainment'),
	(51, 'Rockstar Games'),
	(52, 'Bandai Namco Games'),
	(53, 'Lucas Pope'),
	(54, 'Treyarch'),
	(55, 'White Owls'),
	(56, 'Playground Games'),
	(57, 'Eidos Montreal'),
	(58, 'Insomniac Games'),
	(59, 'Visual Concepts'),
	(60, 'Bungie Software'),
	(61, 'Sabotage Studio'),
	(62, 'Konami'),
	(63, 'Motion Twin'),
	(64, 'Ghost Town Games'),
	(65, 'Giant Squid'),
	(66, 'Stoic'),
	(67, 'Camelot Software Planning'),
	(68, 'Arc System Works'),
	(69, 'Quantic Dream'),
	(70, '11 bit studios'),
	(71, 'SCE Santa Monica'),
	(72, 'Hazelight'),
	(73, 'Level 5'),
	(74, 'Rare'),
	(75, 'Subset Games'),
	(76, 'Matt Makes Games Inc.');
/*!40000 ALTER TABLE `developer` ENABLE KEYS */;

-- Volcando estructura para tabla devmm.game
CREATE TABLE IF NOT EXISTS `game` (
  `id` int(11) NOT NULL AUTO_INCREMENT,
  `title` varchar(100) COLLATE utf8mb4_spanish_ci NOT NULL,
  `developer_id` int(11) DEFAULT NULL,
  `rating_id` int(11) DEFAULT NULL,
  PRIMARY KEY (`id`)
) ENGINE=MyISAM AUTO_INCREMENT=99 DEFAULT CHARSET=utf8mb4 COLLATE=utf8mb4_spanish_ci;

-- Volcando datos para la tabla devmm.game: 98 rows
/*!40000 ALTER TABLE `game` DISABLE KEYS */;
INSERT INTO `game` (`id`, `title`, `developer_id`, `rating_id`) VALUES
	(1, 'Cyberpunk 2077', 1, 6),
	(2, 'Assassin\'s Creed Valhalla', 2, 6),
	(3, 'Halo Infinite', 3, 6),
	(4, 'Age of Wonders: Planetfall', 4, 3),
	(5, 'Ghost of Tsushima', 5, 4),
	(6, 'The Last of Us II', 6, 4),
	(7, 'A Plague Tale: Innocence', 7, 4),
	(8, 'Streets of Rage 4', 8, 3),
	(9, 'Anno 1800', 2, NULL),
	(10, 'Final Fantasy VII Remake', 9, 3),
	(11, 'Resident Evil 3 Remake', 10, 4),
	(12, 'Persona 5 Royal', 13, 4),
	(13, 'Half-Life: Alyx', 12, 4),
	(14, 'Animal Crossing New Horizons', 14, 1),
	(15, 'DOOM Eternal', 15, 4),
	(16, 'Nioh 2', 16, 4),
	(17, 'Ori and the Will of the Wisps', 17, 1),
	(18, 'Death Stranding', 18, 4),
	(19, 'Luigi\'s Mansion 3', 19, 1),
	(20, 'Call of Duty: Modern Warfare', 20, 4),
	(21, 'The Outer Worlds', 21, 4),
	(22, 'Disco Elysium', 22, NULL),
	(23, 'Concrete Genie', 23, 2),
	(24, 'FIFA 20', 24, 1),
	(25, 'The Legend of Zelda: Link\'s Awakening', 14, 1),
	(26, 'Untitled Goose Game', 25, 1),
	(27, 'Sayonara Wild Hearts', 26, 2),
	(28, 'Borderlands 3', 27, 4),
	(29, 'Gears 5', 28, 4),
	(30, 'Monster Hunter World: Iceborne', 10, 3),
	(31, 'Astral Chain', 29, 3),
	(32, 'Control', 30, 4),
	(33, 'Fire Emblem: Three Houses', 31, 3),
	(34, 'Sea of Solitude', 32, 3),
	(35, 'Super Mario Maker 2', 14, 1),
	(36, 'F1 2019', 33, 1),
	(37, 'Outer Wilds', 34, 2),
	(38, 'Total War: Three Kingdoms', 35, 3),
	(39, 'Mortal Kombat 11', 36, 4),
	(40, 'Katana Zero', 37, NULL),
	(41, 'Tropico 6', 38, 3),
	(42, 'Yoshi\'s Crafted World', 39, 1),
	(43, 'Sekiro: Shadows Die Twice', 40, 4),
	(44, 'Baba is You', 41, 1),
	(45, 'Tom Clancy\'s The Division 2', 42, 4),
	(46, 'Devil May Cry 5', 10, 4),
	(47, 'Dead or Alive 6', 16, 4),
	(48, 'DiRT Rally 2.0', 33, 1),
	(49, 'Jump Force', 43, 3),
	(50, 'Metro Exodus', 44, 4),
	(51, 'Tetris 99', 14, 1),
	(52, 'Apex Legends', 45, 3),
	(53, 'Wargroove', 46, 2),
	(54, 'Kingdom Hearts III', 9, 2),
	(55, 'Resident Evil 2 - Remake', 10, 4),
	(56, 'Crash Team Racing Nitro-Fueled', 47, 2),
	(57, 'Cadence of Hyrule', 48, 1),
	(58, 'Gris', 49, 1),
	(59, '11-11 Memories Retold', 50, 3),
	(60, 'Red Dead Redemption 2', 51, 4),
	(61, 'Return of the Obra Dinn', 53, 4),
	(62, 'Soulcalibur VI', 52, 3),
	(63, 'Starlink: Battle for Atlas', 2, 2),
	(64, 'Call of Duty: Black Ops 4', 54, 4),
	(65, 'The Missing: JJ Macfield and the Island of Memories', 55, 4),
	(66, 'Super Mario Party', 14, 1),
	(67, 'Assassin’s Creed Odyssey', 2, 4),
	(68, 'Mega Man 11', 10, 2),
	(69, 'Forza Horizon 4', 56, 1),
	(70, 'Valkyria Chronicles 4', 11, 3),
	(71, 'FIFA 19', 24, 1),
	(72, 'Shadow of the Tomb Raider', 57, 4),
	(73, 'Marvel’s Spider-Man', 58, 3),
	(74, 'NBA 2K19', 59, 1),
	(75, 'Destiny 2: Forsaken', 60, 3),
	(76, 'Dragon Quest XI', 9, 3),
	(77, 'The Messenger', 61, 2),
	(78, 'Pro Evolution Soccer 2019', 62, 1),
	(79, 'Monster Hunter: World', 10, 3),
	(80, 'Dead Cells', 63, 3),
	(81, 'Overcooked 2', 64, 1),
	(82, 'Abzu', 65, 1),
	(83, 'The Banner Saga 3', 66, 3),
	(84, 'Octopath Traveler', 9, 3),
	(85, 'Mario Tennis Aces', 67, 1),
	(86, 'BlazBlue: Cross Tag Battle', 68, 3),
	(87, 'Detroit: Become Human', 69, 4),
	(88, 'Pillars of Eternity II: Deadfire', 21, 4),
	(89, 'Frostpunk', 70, 4),
	(90, 'God of War', 71, 4),
	(91, 'Far Cry 5', 2, 4),
	(92, 'A Way Out', 72, 4),
	(93, 'Ni no Kuni II', 73, 3),
	(94, 'Sea of Thieves', 74, 3),
	(95, 'Into the Breach', 75, 2),
	(96, 'Dragon Ball FighterZ', 68, 3),
	(97, 'Celeste', 76, 2),
	(98, 'Street Fighter V Arcade Edition', 10, 3);
/*!40000 ALTER TABLE `game` ENABLE KEYS */;

-- Volcando estructura para tabla devmm.game_genere
CREATE TABLE IF NOT EXISTS `game_genere` (
  `id` int(11) NOT NULL AUTO_INCREMENT,
  `game_id` int(11) NOT NULL,
  `genere_id` int(11) NOT NULL,
  PRIMARY KEY (`id`)
) ENGINE=MyISAM AUTO_INCREMENT=257 DEFAULT CHARSET=utf8mb4 COLLATE=utf8mb4_spanish_ci;

-- Volcando datos para la tabla devmm.game_genere: 256 rows
/*!40000 ALTER TABLE `game_genere` DISABLE KEYS */;
INSERT INTO `game_genere` (`id`, `game_id`, `genere_id`) VALUES
	(1, 1, 6),
	(2, 1, 3),
	(3, 1, 4),
	(4, 1, 5),
	(5, 2, 3),
	(6, 2, 4),
	(7, 2, 5),
	(8, 3, 3),
	(9, 3, 8),
	(10, 3, 7),
	(11, 3, 9),
	(12, 4, 16),
	(13, 4, 17),
	(14, 5, 3),
	(15, 5, 4),
	(16, 5, 5),
	(17, 6, 3),
	(18, 6, 4),
	(19, 6, 12),
	(20, 7, 3),
	(21, 7, 4),
	(22, 8, 3),
	(23, 8, 13),
	(24, 9, 16),
	(25, 9, 18),
	(26, 9, 19),
	(27, 10, 3),
	(28, 10, 10),
	(29, 11, 3),
	(30, 11, 4),
	(31, 11, 12),
	(32, 12, 10),
	(33, 13, 3),
	(34, 13, 8),
	(35, 13, 7),
	(36, 13, 9),
	(37, 13, 31),
	(38, 14, 1),
	(39, 14, 2),
	(40, 15, 3),
	(41, 15, 7),
	(42, 15, 8),
	(43, 15, 9),
	(44, 16, 6),
	(45, 16, 3),
	(46, 17, 3),
	(47, 17, 11),
	(48, 17, 15),
	(49, 18, 3),
	(50, 18, 4),
	(51, 19, 3),
	(52, 19, 4),
	(53, 19, 9),
	(54, 20, 3),
	(55, 20, 7),
	(56, 20, 8),
	(57, 20, 9),
	(58, 21, 6),
	(59, 22, 6),
	(60, 23, 4),
	(61, 23, 32),
	(62, 24, 26),
	(63, 24, 27),
	(64, 25, 3),
	(65, 25, 4),
	(66, 25, 5),
	(67, 26, 1),
	(68, 27, 3),
	(69, 27, 22),
	(70, 27, 23),
	(71, 28, 3),
	(72, 28, 7),
	(73, 28, 8),
	(74, 28, 9),
	(75, 29, 3),
	(76, 29, 7),
	(77, 29, 32),
	(78, 29, 9),
	(79, 30, 3),
	(80, 30, 6),
	(81, 31, 3),
	(82, 31, 4),
	(83, 32, 3),
	(84, 32, 4),
	(85, 33, 16),
	(86, 33, 17),
	(87, 33, 20),
	(88, 34, 4),
	(89, 34, 32),
	(90, 35, 3),
	(91, 35, 11),
	(92, 36, 24),
	(93, 36, 1),
	(94, 37, 3),
	(95, 37, 4),
	(96, 37, 5),
	(97, 38, 16),
	(98, 38, 29),
	(99, 39, 3),
	(100, 39, 25),
	(101, 40, 3),
	(102, 40, 11),
	(103, 41, 16),
	(104, 41, 18),
	(105, 41, 19),
	(106, 42, 3),
	(107, 42, 11),
	(108, 43, 3),
	(109, 43, 4),
	(110, 44, 3),
	(111, 44, 4),
	(112, 44, 21),
	(113, 45, 8),
	(114, 45, 3),
	(115, 45, 7),
	(116, 45, 32),
	(117, 45, 20),
	(118, 46, 3),
	(119, 46, 4),
	(120, 47, 3),
	(121, 47, 25),
	(122, 48, 24),
	(123, 48, 1),
	(124, 49, 3),
	(125, 49, 4),
	(126, 49, 25),
	(127, 50, 3),
	(128, 50, 7),
	(129, 50, 8),
	(130, 50, 9),
	(131, 51, 21),
	(132, 51, 33),
	(133, 52, 3),
	(134, 52, 7),
	(135, 52, 8),
	(136, 52, 20),
	(137, 53, 16),
	(138, 53, 17),
	(139, 53, 20),
	(140, 54, 3),
	(141, 54, 6),
	(142, 54, 4),
	(143, 54, 28),
	(144, 54, 6),
	(145, 55, 3),
	(146, 55, 4),
	(147, 55, 12),
	(148, 56, 24),
	(149, 56, 9),
	(150, 57, 3),
	(151, 57, 22),
	(152, 57, 23),
	(153, 57, 14),
	(154, 58, 3),
	(155, 58, 11),
	(156, 59, 4),
	(157, 59, 32),
	(158, 60, 3),
	(159, 60, 4),
	(160, 60, 5),
	(161, 61, 4),
	(162, 61, 8),
	(163, 62, 3),
	(164, 62, 25),
	(165, 63, 1),
	(166, 63, 34),
	(167, 63, 35),
	(168, 64, 3),
	(169, 64, 7),
	(170, 64, 8),
	(171, 64, 20),
	(172, 65, 3),
	(173, 66, 36),
	(174, 66, 37),
	(175, 66, 38),
	(176, 67, 3),
	(177, 67, 4),
	(178, 67, 5),
	(179, 68, 11),
	(180, 68, 11),
	(181, 69, 24),
	(182, 69, 1),
	(183, 70, 16),
	(184, 70, 17),
	(185, 70, 20),
	(186, 71, 26),
	(187, 71, 27),
	(188, 71, 1),
	(189, 72, 3),
	(190, 72, 4),
	(191, 73, 3),
	(192, 73, 4),
	(193, 73, 5),
	(194, 74, 9),
	(195, 74, 26),
	(196, 74, 39),
	(197, 74, 1),
	(198, 75, 3),
	(199, 75, 7),
	(200, 75, 8),
	(201, 75, 9),
	(202, 76, 10),
	(203, 77, 3),
	(204, 77, 11),
	(205, 78, 26),
	(206, 78, 27),
	(207, 78, 1),
	(208, 79, 3),
	(209, 79, 6),
	(210, 80, 3),
	(211, 80, 11),
	(212, 80, 14),
	(213, 81, 3),
	(214, 81, 9),
	(215, 82, 3),
	(216, 82, 4),
	(217, 82, 32),
	(218, 83, 16),
	(219, 83, 17),
	(220, 83, 20),
	(221, 84, 10),
	(222, 85, 26),
	(223, 85, 40),
	(224, 86, 3),
	(225, 86, 25),
	(226, 87, 3),
	(227, 87, 4),
	(228, 87, 5),
	(229, 87, 32),
	(230, 88, 6),
	(231, 89, 3),
	(232, 89, 4),
	(233, 89, 12),
	(234, 90, 3),
	(235, 90, 4),
	(236, 91, 3),
	(237, 91, 7),
	(238, 91, 8),
	(239, 91, 9),
	(240, 92, 3),
	(241, 92, 4),
	(242, 93, 10),
	(243, 94, 6),
	(244, 94, 3),
	(245, 94, 4),
	(246, 94, 41),
	(247, 94, 5),
	(248, 95, 16),
	(249, 95, 17),
	(250, 95, 20),
	(251, 96, 3),
	(252, 96, 25),
	(253, 97, 3),
	(254, 97, 11),
	(255, 98, 3),
	(256, 98, 25);
/*!40000 ALTER TABLE `game_genere` ENABLE KEYS */;

-- Volcando estructura para tabla devmm.game_platform
CREATE TABLE IF NOT EXISTS `game_platform` (
  `id` int(11) NOT NULL AUTO_INCREMENT,
  `game_id` int(11) NOT NULL,
  `platform_id` int(11) NOT NULL,
  `release_date` date DEFAULT NULL,
  `critics_score` decimal(3,1) DEFAULT NULL,
  `user_score` decimal(3,1) DEFAULT NULL,
  PRIMARY KEY (`id`)
) ENGINE=MyISAM AUTO_INCREMENT=255 DEFAULT CHARSET=utf8mb4 COLLATE=utf8mb4_spanish_ci;

-- Volcando datos para la tabla devmm.game_platform: 254 rows
/*!40000 ALTER TABLE `game_platform` DISABLE KEYS */;
INSERT INTO `game_platform` (`id`, `game_id`, `platform_id`, `release_date`, `critics_score`, `user_score`) VALUES
	(1, 1, 1, '2020-11-19', NULL, NULL),
	(2, 1, 2, '2020-11-19', NULL, NULL),
	(3, 1, 3, '2020-11-19', NULL, NULL),
	(4, 2, 1, '2020-11-17', NULL, NULL),
	(5, 2, 2, '2020-11-17', NULL, NULL),
	(6, 2, 3, '2020-11-17', NULL, NULL),
	(7, 3, 1, NULL, NULL, NULL),
	(8, 3, 3, NULL, NULL, NULL),
	(9, 4, 1, '2020-08-06', 8.1, 7.5),
	(10, 4, 2, '2020-08-06', 7.8, 6.6),
	(11, 4, 3, '2020-08-06', 8.5, 6.5),
	(12, 5, 2, '2020-07-17', 8.3, 9.3),
	(13, 6, 2, '2020-06-19', 9.4, 5.6),
	(14, 7, 1, '2020-05-14', 8.1, 8.5),
	(15, 7, 2, '2020-05-14', 8.1, 8.5),
	(16, 7, 3, '2020-05-14', 8.3, 8.4),
	(17, 8, 1, '2020-04-30', 8.4, 7.9),
	(18, 8, 2, '2020-04-30', 8.2, 8.0),
	(19, 8, 3, '2020-04-30', 8.2, 7.8),
	(20, 8, 4, '2020-04-30', 8.6, 8.2),
	(21, 9, 1, '2020-04-16', 8.1, 7.9),
	(22, 10, 2, '2020-04-10', 8.7, 8.1),
	(23, 11, 1, '2020-04-03', 7.7, 5.4),
	(24, 11, 2, '2020-04-03', 7.9, 6.5),
	(25, 11, 3, '2020-04-03', 8.4, 6.0),
	(26, 12, 2, '2020-04-03', 9.5, 8.2),
	(27, 13, 1, '2020-03-23', 9.3, 9.1),
	(28, 14, 4, '2020-03-20', 9.0, 5.4),
	(29, 15, 1, '2020-03-19', 8.8, 7.7),
	(30, 15, 2, '2020-03-19', 8.7, 8.3),
	(31, 15, 3, '2020-03-19', 8.8, 8.4),
	(32, 16, 2, '2020-03-13', 8.5, 7.8),
	(33, 17, 1, '2020-03-11', 8.8, 8.6),
	(34, 17, 3, '2020-03-11', 9.0, 8.8),
	(35, 18, 1, '2020-07-14', 8.7, 4.2),
	(36, 18, 2, '2019-11-08', 8.2, 7.3),
	(37, 19, 4, '2019-10-31', 8.6, 8.5),
	(38, 20, 1, '2019-10-25', 8.1, 2.5),
	(39, 20, 2, '2019-10-25', 8.0, 3.3),
	(40, 20, 3, '2019-10-25', 8.0, 3.7),
	(41, 21, 1, '2019-10-25', 8.2, 7.4),
	(42, 21, 2, '2019-10-25', 8.5, 8.0),
	(43, 21, 3, '2019-10-25', 8.5, 8.1),
	(44, 21, 4, '2019-10-25', 6.6, 5.0),
	(45, 22, 1, '2019-10-15', 9.1, 8.3),
	(46, 23, 2, '2019-10-08', 7.5, 8.3),
	(47, 24, 1, '2019-09-24', 7.2, 1.1),
	(48, 24, 2, '2019-09-24', 7.9, 1.1),
	(49, 24, 3, '2019-09-24', 7.9, 1.3),
	(50, 24, 4, '2019-09-24', 4.3, 0.9),
	(51, 25, 4, '2019-09-20', 8.7, 8.4),
	(52, 26, 1, '2019-09-20', 7.9, 6.3),
	(53, 26, 2, '2019-09-20', 8.0, 6.7),
	(54, 26, 3, '2019-09-20', 8.1, 7.3),
	(55, 26, 4, '2019-09-20', 8.1, 7.6),
	(56, 27, 1, '2019-09-19', 8.5, 8.8),
	(57, 27, 2, '2019-09-19', 8.4, 6.4),
	(58, 27, 3, '2019-09-19', 8.5, 7.0),
	(59, 27, 4, '2019-09-19', 8.3, 8.3),
	(60, 28, 1, '2019-09-13', 8.1, 5.2),
	(61, 28, 2, '2019-09-13', 7.8, 5.8),
	(62, 28, 3, '2019-09-13', 8.2, 5.3),
	(63, 29, 1, '2019-09-06', 8.2, 6.8),
	(64, 29, 3, '2019-09-06', 8.4, 8.2),
	(65, 30, 1, '2019-09-06', 8.7, 7.7),
	(66, 30, 2, '2019-09-06', 8.9, 8.4),
	(67, 30, 3, '2019-09-06', 9.0, 8.1),
	(68, 31, 4, '2019-08-30', 8.7, 8.9),
	(69, 32, 1, '2019-08-27', 8.5, 7.2),
	(70, 32, 2, '2019-08-27', 8.2, 7.3),
	(71, 32, 3, '2019-08-27', 8.4, 7.4),
	(72, 33, 4, '2019-07-26', 8.9, 8.7),
	(73, 34, 1, '2019-07-05', 6.4, 6.3),
	(74, 34, 2, '2019-07-05', 6.9, 6.4),
	(75, 34, 3, '2019-07-05', 7.2, 6.5),
	(76, 35, 4, '2019-06-28', 8.8, 8.5),
	(77, 36, 1, '2019-06-27', 8.7, 7.1),
	(78, 36, 2, '2019-06-27', 8.4, 7.7),
	(79, 36, 3, '2019-06-27', 8.9, 6.7),
	(80, 37, 1, '2019-05-30', 8.5, 7.8),
	(81, 37, 2, '2019-05-30', 8.2, 7.3),
	(82, 37, 3, '2019-05-30', 8.5, 7.6),
	(83, 38, 1, '2019-05-23', 8.5, 7.8),
	(84, 39, 1, '2019-04-23', 8.2, 3.0),
	(85, 39, 2, '2019-04-23', 8.2, 3.6),
	(86, 39, 3, '2019-04-23', 8.6, 3.2),
	(87, 39, 4, '2019-04-23', 7.8, 3.8),
	(88, 40, 1, '2019-04-18', 8.3, 8.9),
	(89, 40, 2, '2019-04-18', 8.0, 6.1),
	(90, 40, 4, '2019-04-18', 8.3, 8.7),
	(91, 41, 1, '2019-03-29', 7.8, 6.6),
	(92, 41, 2, '2019-03-29', 7.6, 7.0),
	(93, 41, 3, '2019-03-29', 7.8, 8.3),
	(94, 42, 4, '2019-03-28', 7.9, 8.0),
	(95, 43, 1, '2019-03-22', 8.8, 7.9),
	(96, 43, 2, '2019-03-22', 9.0, 8.1),
	(97, 43, 3, '2019-03-22', 9.1, 7.9),
	(98, 44, 1, '2019-03-13', 8.7, 8.0),
	(99, 44, 4, '2019-03-13', 8.4, 8.0),
	(100, 45, 1, '2019-03-12', 8.4, 4.6),
	(101, 45, 2, '2019-03-12', 8.2, 6.1),
	(102, 45, 3, '2019-03-12', 8.2, 5.8),
	(103, 46, 1, '2019-03-08', 8.9, 8.7),
	(104, 46, 2, '2019-03-08', 8.8, 8.4),
	(105, 46, 3, '2019-03-08', 8.7, 7.5),
	(106, 47, 1, '2019-03-01', 7.3, 4.8),
	(107, 47, 2, '2019-03-01', 7.2, 5.2),
	(108, 47, 3, '2019-03-01', 7.6, 5.5),
	(109, 48, 1, '2019-02-26', 8.4, 4.8),
	(110, 48, 2, '2019-02-26', 8.4, 5.6),
	(111, 48, 3, '2019-02-26', 8.2, 7.1),
	(112, 49, 1, '2019-02-15', 6.0, 4.1),
	(113, 49, 2, '2019-02-15', 5.6, 4.2),
	(114, 49, 3, '2019-02-15', 6.1, 4.9),
	(115, 50, 1, '2019-02-15', 8.2, 7.0),
	(116, 50, 2, '2019-02-15', 8.0, 7.1),
	(117, 50, 3, '2019-02-15', 8.2, 6.8),
	(118, 51, 4, '2019-02-13', 8.3, 8.3),
	(119, 52, 1, '2019-02-04', 8.8, 6.0),
	(120, 52, 2, '2019-02-04', 8.9, 6.8),
	(121, 52, 3, '2019-02-04', 8.8, 6.6),
	(122, 53, 1, '2019-02-01', 8.2, 5.9),
	(123, 53, 2, '2019-02-01', 8.4, 5.6),
	(124, 53, 3, '2019-02-01', 8.1, 5.4),
	(125, 53, 4, '2019-02-01', 8.4, 7.3),
	(126, 54, 2, '2019-01-29', 8.3, 8.0),
	(127, 54, 3, '2019-01-29', 8.0, 8.3),
	(128, 55, 1, '2019-01-25', 8.9, 9.0),
	(129, 55, 2, '2019-01-25', 9.1, 8.9),
	(130, 55, 3, '2019-01-25', 9.3, 8.6),
	(131, 56, 2, '2019-01-21', 8.3, 6.8),
	(132, 56, 3, '2019-01-21', 8.4, 5.9),
	(133, 56, 4, '2019-01-21', 8.0, 6.3),
	(134, 57, 4, '2019-01-13', 8.5, 8.1),
	(135, 58, 1, '2018-12-13', 8.4, 8.5),
	(136, 58, 2, '2018-12-13', 8.2, 8.0),
	(137, 58, 4, '2018-12-13', 8.3, 8.7),
	(138, 59, 1, '2018-11-08', 7.3, 6.6),
	(139, 59, 2, '2018-11-08', 7.7, 7.8),
	(140, 59, 3, '2018-11-08', 7.7, 7.3),
	(141, 60, 1, '2018-10-26', 9.3, 5.5),
	(142, 60, 2, '2018-10-26', 9.7, 8.4),
	(143, 60, 3, '2018-10-26', 9.7, 7.9),
	(144, 61, 1, '2018-10-18', 8.9, 8.1),
	(145, 61, 2, '2018-10-18', 8.8, 7.1),
	(146, 61, 3, '2018-10-18', 9.2, 9.0),
	(147, 61, 4, '2018-10-18', 8.6, 8.3),
	(148, 62, 1, '2018-10-18', 8.0, 5.1),
	(149, 62, 2, '2018-10-18', 8.4, 6.5),
	(150, 62, 3, '2018-10-18', 8.4, 5.0),
	(151, 63, 2, '2018-10-16', 7.0, 5.7),
	(152, 63, 3, '2018-10-16', 7.8, 6.6),
	(153, 63, 4, '2018-10-16', 7.4, 7.8),
	(154, 64, 1, '2018-10-12', 8.3, 3.1),
	(155, 64, 2, '2018-10-12', 8.3, 4.0),
	(156, 64, 3, '2018-10-12', 8.5, 4.1),
	(157, 65, 1, '2018-10-11', 7.8, 6.6),
	(158, 65, 2, '2018-10-11', 7.7, 6.9),
	(159, 65, 3, '2018-10-11', 8.4, 7.0),
	(160, 65, 4, '2018-10-11', 7.4, 6.7),
	(161, 66, 4, '2018-10-05', 7.6, 7.3),
	(162, 67, 1, '2018-10-02', 8.6, 6.0),
	(163, 67, 2, '2018-10-02', 8.3, 6.3),
	(164, 67, 3, '2018-10-02', 8.7, 6.0),
	(165, 68, 1, '2018-10-02', 7.9, 8.7),
	(166, 68, 2, '2018-10-02', 8.2, 8.3),
	(167, 68, 3, '2018-10-02', 7.7, 8.7),
	(168, 68, 4, '2018-10-02', 8.0, 8.6),
	(169, 69, 1, '2018-09-28', 8.8, 7.7),
	(170, 69, 3, '2018-09-28', 9.2, 8.0),
	(171, 70, 1, '2018-09-25', 8.3, 8.2),
	(172, 70, 2, '2018-09-25', 8.5, 8.0),
	(173, 70, 3, '2018-09-25', 8.1, 8.4),
	(174, 70, 4, '2018-09-25', 8.2, 8.6),
	(175, 71, 1, '2018-09-20', 8.1, 1.8),
	(176, 71, 2, '2018-09-20', 8.3, 1.9),
	(177, 71, 3, '2018-09-20', 8.3, 2.3),
	(178, 71, 4, '2018-09-20', 7.1, 3.4),
	(179, 72, 1, '2018-09-14', 7.7, 6.9),
	(180, 72, 2, '2018-09-14', 7.5, 7.4),
	(181, 72, 3, '2018-09-14', 8.2, 7.3),
	(182, 73, 2, '2018-09-07', 8.7, 8.7),
	(183, 74, 1, '2018-09-06', 7.6, 2.4),
	(184, 74, 2, '2018-09-06', 8.2, 2.7),
	(185, 74, 3, '2018-09-06', 8.3, 2.8),
	(186, 74, 4, '2018-09-06', 8.2, 4.6),
	(187, 75, 1, '2018-09-04', 8.4, 6.0),
	(188, 75, 2, '2018-09-04', 8.2, 6.4),
	(189, 75, 3, '2018-09-04', 8.6, 5.3),
	(190, 76, 1, '2018-09-04', 8.0, 8.7),
	(191, 76, 2, '2018-09-04', 8.6, 8.7),
	(192, 77, 1, '2018-08-30', 8.3, 7.6),
	(193, 77, 2, '2018-08-30', 8.2, 7.9),
	(194, 77, 3, '2018-08-30', 7.5, 8.3),
	(195, 77, 4, '2018-08-30', 8.6, 8.3),
	(196, 78, 1, '2018-08-28', 8.0, 5.5),
	(197, 78, 2, '2018-08-28', 7.9, 6.4),
	(198, 78, 3, '2018-08-28', 8.2, 6.5),
	(199, 79, 1, '2018-08-09', 8.8, 6.7),
	(200, 79, 2, '2018-08-09', 9.0, 7.7),
	(201, 79, 3, '2018-08-09', 9.0, 7.1),
	(202, 80, 1, '2018-08-07', 8.9, 8.0),
	(203, 80, 2, '2018-08-07', 8.7, 7.6),
	(204, 80, 3, '2018-08-07', 9.1, 8.0),
	(205, 80, 4, '2018-08-07', 8.9, 8.5),
	(206, 81, 1, '2018-08-07', 8.1, 7.8),
	(207, 81, 2, '2018-08-07', 8.1, 8.1),
	(208, 81, 3, '2018-08-07', 8.3, 6.2),
	(209, 81, 4, '2018-08-07', 8.1, 7.7),
	(210, 82, 1, '2018-08-02', 8.3, 6.9),
	(211, 82, 2, '2018-08-02', 7.8, 7.6),
	(212, 82, 3, '2018-08-02', 8.3, 7.1),
	(213, 82, 4, '2018-08-02', 8.0, 7.9),
	(214, 83, 1, '2018-07-26', 8.2, 7.8),
	(215, 83, 2, '2018-07-26', 8.0, 7.0),
	(216, 83, 3, '2018-07-26', 8.8, 7.4),
	(217, 83, 4, '2018-07-26', 8.3, 8.3),
	(218, 84, 1, '2018-07-12', 8.0, 6.5),
	(219, 84, 4, '2018-07-12', 8.3, 8.5),
	(220, 85, 4, '2018-06-22', 7.5, 7.1),
	(221, 86, 1, '2018-06-05', 7.2, 6.1),
	(222, 86, 2, '2018-06-05', 7.6, 6.5),
	(223, 86, 4, '2018-06-05', 7.9, 7.7),
	(224, 87, 1, '2019-12-12', 8.0, 7.1),
	(225, 87, 2, '2018-05-25', 7.8, 8.8),
	(226, 88, 1, '2018-05-08', 8.8, 7.8),
	(227, 88, 2, '2018-05-08', 7.7, 4.8),
	(228, 88, 3, '2018-05-08', 8.0, 7.6),
	(229, 89, 1, '2018-04-24', 8.4, 8.4),
	(230, 89, 2, '2018-04-24', 8.7, 7.9),
	(231, 89, 3, '2018-04-24', 8.4, 8.2),
	(232, 90, 2, '2018-04-20', 9.4, 9.1),
	(233, 91, 1, '2018-03-27', 7.8, 6.2),
	(234, 91, 2, '2018-03-27', 8.1, 6.7),
	(235, 91, 3, '2018-03-27', 8.2, 6.7),
	(236, 92, 1, '2018-03-23', 7.8, 7.6),
	(237, 92, 2, '2018-03-23', 7.8, 8.0),
	(238, 92, 3, '2018-03-23', 7.9, 7.6),
	(239, 93, 1, '2018-03-23', 8.1, 6.9),
	(240, 93, 2, '2018-03-23', 8.4, 7.5),
	(241, 94, 1, '2018-03-20', 6.7, 4.4),
	(242, 94, 3, '2018-03-20', 6.9, 5.1),
	(243, 95, 1, '2018-02-27', 9.0, 7.7),
	(244, 95, 4, '2018-02-27', 8.9, 7.8),
	(245, 96, 1, '2018-01-26', 8.5, 7.5),
	(246, 96, 2, '2018-01-26', 8.7, 8.0),
	(247, 96, 3, '2018-01-26', 8.6, 7.8),
	(248, 96, 4, '2018-01-26', 8.7, 7.7),
	(249, 97, 1, '2018-01-25', 8.8, 8.1),
	(250, 97, 2, '2018-01-25', 9.1, 7.1),
	(251, 97, 3, '2018-01-25', 9.4, 7.0),
	(252, 97, 4, '2018-01-25', 9.2, 8.5),
	(253, 98, 1, '2018-01-16', 8.9, 7.1),
	(254, 98, 2, '2018-01-16', 8.7, 6.6);
/*!40000 ALTER TABLE `game_platform` ENABLE KEYS */;

-- Volcando estructura para tabla devmm.genere
CREATE TABLE IF NOT EXISTS `genere` (
  `id` int(11) NOT NULL AUTO_INCREMENT,
  `name` varchar(25) COLLATE utf8mb4_spanish_ci NOT NULL,
  PRIMARY KEY (`id`)
) ENGINE=MyISAM AUTO_INCREMENT=42 DEFAULT CHARSET=utf8mb4 COLLATE=utf8mb4_spanish_ci;

-- Volcando datos para la tabla devmm.genere: 40 rows
/*!40000 ALTER TABLE `genere` DISABLE KEYS */;
INSERT INTO `genere` (`id`, `name`) VALUES
	(1, 'Simulation'),
	(2, 'Virtual Life'),
	(3, 'Action'),
	(4, 'Adventure'),
	(5, 'Open-World'),
	(6, 'RPG'),
	(7, 'Shooter'),
	(8, 'First-Person'),
	(9, 'Arcade'),
	(10, 'JRPG'),
	(11, 'Platformer'),
	(12, 'Survival'),
	(13, 'Beat-\'Em-Up'),
	(14, 'Roguelike'),
	(15, 'Metroidvania'),
	(16, 'Strategy'),
	(17, 'Turn-Based'),
	(18, 'Management'),
	(19, 'Government'),
	(20, 'Tactical'),
	(21, 'Puzzle'),
	(22, 'Rhythm'),
	(23, 'Music'),
	(24, 'Racing'),
	(25, 'Fighting'),
	(26, 'Sports'),
	(27, 'Soccer'),
	(28, 'Fantasy'),
	(29, 'Real-Time'),
	(31, 'VR'),
	(32, 'Third-Person'),
	(33, 'Stacking'),
	(34, 'Space'),
	(35, 'Combat'),
	(36, 'Miscellaneous'),
	(37, 'Party'),
	(38, 'Minigame'),
	(39, 'Basketball'),
	(40, 'Tennis'),
	(41, 'MMO');
/*!40000 ALTER TABLE `genere` ENABLE KEYS */;

-- Volcando estructura para tabla devmm.platform
CREATE TABLE IF NOT EXISTS `platform` (
  `id` int(11) NOT NULL AUTO_INCREMENT,
  `name` varchar(15) COLLATE utf8mb4_spanish_ci NOT NULL,
  PRIMARY KEY (`id`)
) ENGINE=MyISAM AUTO_INCREMENT=5 DEFAULT CHARSET=utf8mb4 COLLATE=utf8mb4_spanish_ci;

-- Volcando datos para la tabla devmm.platform: 4 rows
/*!40000 ALTER TABLE `platform` DISABLE KEYS */;
INSERT INTO `platform` (`id`, `name`) VALUES
	(1, 'PC'),
	(2, 'PS4'),
	(3, 'XBOX One'),
	(4, 'Switch');
/*!40000 ALTER TABLE `platform` ENABLE KEYS */;

-- Volcando estructura para tabla devmm.rating
CREATE TABLE IF NOT EXISTS `rating` (
  `id` int(11) NOT NULL AUTO_INCREMENT,
  `name` varchar(4) COLLATE utf8mb4_spanish_ci NOT NULL,
  `description` text COLLATE utf8mb4_spanish_ci,
  PRIMARY KEY (`id`)
) ENGINE=MyISAM AUTO_INCREMENT=9 DEFAULT CHARSET=utf8mb4 COLLATE=utf8mb4_spanish_ci;

-- Volcando datos para la tabla devmm.rating: 6 rows
/*!40000 ALTER TABLE `rating` DISABLE KEYS */;
INSERT INTO `rating` (`id`, `name`, `description`) VALUES
	(1, 'E', 'Everyone: Content is generally suitable for all ages. May contain minimal cartoon, fantasy or mild violence and/or infrequent use of mild language.'),
	(2, 'E10+', 'Evereyone 10+: Content is generally suitable for ages 10 and up. May contain more cartoon, fantasy or mimld violence, mild language and/or minimal suggestive themes.'),
	(3, 'T', 'Teen: Content is generally suitable for ages 13 and up. May contain violence, suggestive themes, crude humor, minimal blood, simulated gambling and/or infrequent use of strong language.'),
	(4, 'M', 'Mature 17+: Content is generally suitable for ages 17 and up. May contain intense violence, blood and gore, sexual content and/or strong language.'),
	(5, 'AO', 'Adults only 18+: Content suitable for adults ages 18 and up. May include prolongues scenes of intense violence, grapgic sexual content and/or gambling with real currency.'),
	(6, 'RP', 'Rating pending: Not yet assigned a final ESRB rating. Appears only in advertising, marketing and promotional materials related to a physical (e.g. boxed) video game that is expected to carry an ESBR rating, and should be replaced by a game\'s rating once it has been assigned.');
/*!40000 ALTER TABLE `rating` ENABLE KEYS */;

/*!40101 SET SQL_MODE=IFNULL(@OLD_SQL_MODE, '') */;
/*!40014 SET FOREIGN_KEY_CHECKS=IF(@OLD_FOREIGN_KEY_CHECKS IS NULL, 1, @OLD_FOREIGN_KEY_CHECKS) */;
/*!40101 SET CHARACTER_SET_CLIENT=@OLD_CHARACTER_SET_CLIENT */;
